prueba,anio,numero,enunciado_inicio,respuesta_correcta
Modelo Historia,2021,1,"“¡Concretamente 110 años! Se instaló inicialmente en el parque de bomberos de Livermore, en California y ha sobrevivido a un siglo convulso,",D
Modelo Historia,2021,2,El concepto desarrollo sostenible se basa en la premisa de satisfacer las necesidades de las generaciones presentes sin comprometer a las ge,C
Modelo Historia,2021,3,El acuerdo adoptado en la XXI Conferencia Internacional sobre Cambio Climático que se celebró en París en el año 2015 será aplicado a partir,D
Modelo Historia,2021,4,La Convención Marco de las Naciones Unidas sobre el Cambio Climático entiende este proceso como atribuido directa o indirectamente a la acti,C
Modelo Historia,2021,5,La Organización para la Cooperación y el Desarrollo Económicos (OCDE) ha sido una de las primeras instituciones que ha estudiado las implica,E
Modelo Historia,2021,6,"En Chile, diversos cauces de agua superficiales están siendo sometidos a una carga cada vez mayor de residuos y desechos de todo tipo, mucho",B
Modelo Historia,2021,7,"“Considerado como un paradigma regional, el modelo desarrollado por el Gobierno chileno logró reducir a mínimos el déficit cuantitativo de v",A
Modelo Historia,2021,8,"En Chile, la industrialización y la expansión económica, junto con la masificación de medios de transporte y los procesos de edificación en ",
Modelo Historia,2021,9,"La realidad geográfica de la ocupación del territorio implica una serie de peligros latentes que, combinados con focos de vulnerabilidad inc",C
Modelo Historia,2021,10,"“Los resultados de la IV Encuesta Auditoría a la Democracia, realizada por el Programa de las Naciones Unidas para el Desarrollo muestran un",E
Modelo Historia,2021,11,Las Organizaciones No Gubernamentales (ONGs) son instituciones sin fines de lucro que han jugado un rol importante en la promoción de la par,A
Modelo Historia,2021,12,"La participación ciudadana a nivel de base, como por ejemplo en las asambleas estudiantiles o vecinales, requiere informarse previamente. ¿Q",E
Modelo Historia,2021,13,"Los partidos políticos son actores relevantes para el funcionamiento de cualquier sociedad democrática. En este contexto, ¿cuál es una de la",B
Modelo Historia,2021,14,“Justicia vecinal es un programa desarrollado por el Ministerio de Justicia que busca acercar a la ciudadanía formas de resolución de confli,A
Modelo Historia,2021,15,El conflicto entre algunos pueblos originarios y el Estado de Chile ha estado presente a lo largo de la Historia nacional. Los gobiernos del,D
Modelo Historia,2021,16,"En los inicios del siglo XXI, en Chile diversos actores políticos y sociales han estado envueltos en una intensa disputa con diversos grupos",A
Modelo Historia,2021,17,"El Estado chileno está comprometido con el fortalecimiento, la promoción y la protección de los Derechos Humanos, así como con el desarrollo",E
Modelo Historia,2021,18,"El Estado chileno ha suscrito diversos acuerdos internacionales en materia de Derechos Humanos. De esta manera, Chile se compromete a respet",D
Modelo Historia,2021,19,"“El 24 de septiembre de 2014, la Presidenta Michelle Bachelet se comprometió ante la Asamblea de la ONU que nuestro país iba a contribuir a ",B
Modelo Historia,2021,20,"A partir de la década de 1990, Chile comenzó a experimentar un mayor crecimiento económico y mayor estabilidad política, lo que atrajo pobla",E
Modelo Historia,2021,21,"Actualmente los medios de comunicación tienen un lugar cada vez más relevante en la actividad política chilena. En este sentido, la relación",B
Modelo Historia,2021,22,"El sufragio es el derecho político y constitucional, a elegir, por medio del voto, quiénes van a ocupar los distintos cargos públicos elegib",E
Modelo Historia,2021,23,"En las primeras elecciones primarias municipales que fueron realizadas el 19 de junio de 2016, participó un 5,6% del total de personas que p",D
Modelo Historia,2021,24,"En el ámbito electoral chileno, el Modelo Proporcional Inclusivo puso fin al Sistema Binominal, que estuvo vigente desde 1990 a 2015, mejora",B
Modelo Historia,2021,25,"En los inicios de la historia republicana chilena y durante todo el siglo XIX, la economía nacional se basó principalmente en la producción ",E
Modelo Historia,2021,26,"“En las discusiones a que ha dado lugar este interés y en los acuerdos con que pueden terminar, se ha juzgado la ocasión propicia para afirm",
Modelo Historia,2021,27,"Desde los primeros años de organización republicana y durante las primeras décadas del siglo XIX, la presencia de extranjeros en Chile fue u",E
Modelo Historia,2021,28,"La Constitución de 1833 permitió al incipiente Estado chileno definir un nuevo orden institucional, estableciendo bases políticas que defini",E
Modelo Historia,2021,29,"Durante el siglo XIX en Chile, en el marco del proceso de construcción del Estado independiente, se llevó a efecto la exploración geográfica",B
Modelo Historia,2021,30,"“La igualdad de la libertad, es la religión universal; es el gobierno de la humanidad; es la unidad futura. La libertad es infinita, es el c",E
Modelo Historia,2021,31,"CHILE: EXPORTACIÓN DE HARINA Y TRIGO, 1844-1855 (en quintales) Cantidad 350.000 300.000 250.000 200.000 150.000 100.000 50.000 0 1844 1845 1",E
Modelo Historia,2021,32,"Con la finalidad de fomentar el progreso en Chile, los diversos gobiernos y los empresarios impulsaron la implementación de la red férrea en",E
Modelo Historia,2021,33,(http://static3.sobrehistoria.com/) El Imperialismo fue un fenómeno que se desarrolló con gran intensidad entre la segunda mitad del siglo X,E
Modelo Historia,2021,34,"En las últimas décadas del siglo XIX se definieron gran parte de los límites del Territorio Nacional de Chile, con la anexión de las provinc",E
Modelo Historia,2021,35,"En Chile, durante la segunda mitad del siglo XIX y principios del siglo XX se observó un creciente proceso de proletarización de una parte d",A
Modelo Historia,2021,36,"“En los cementerios sujetos a la administración del Estado o de las Municipalidades, no podrá impedirse, por ningún motivo, la inhumación [e",E
Modelo Historia,2021,37,"ESTABLECIMIENTOS INDUSTRIALES EN SANTIAGO DE CHILE, 1870-1894 1.200 1.000 800 Cantidad 600 400 200 0 Antes de 1870 1870-1880 1880-1890 1890-",D
Modelo Historia,2021,38,La crisis política de 1891 en Chile es un proceso histórico que ha suscitado diversas interpretaciones desde la historiografía. Una de ellas,E
Modelo Historia,2021,39,La celebración del Centenario de la República de Chile estuvo acompañada por el surgimiento de una crítica sobre las condiciones sociales y ,A
Modelo Historia,2021,40,"DEUDAS EUROPEAS CON ESTADOS UNIDOS, 1919 (en millones de dólares) País Millones de dólares Inglaterra 4.600 Francia 4.025 Italia 2.040 Bélgi",E
Modelo Historia,2021,41,"“Consulados y embajadas promocionaban filmes comerciales, como ocurrió en Valparaíso en 1924 cuando se exhibió en el teatro Colón la películ",D
Modelo Historia,2021,42,"Entre 1924 y 1932, Chile experimentó un periodo de profundas convulsiones políticas, sociales y económicas que pusieron fin a la hegemonía p",E
Modelo Historia,2021,43,"A fines de la década de 1920, la primera administración de Carlos Ibáñez del Campo declaró ilegal al Partido Comunista y los demás partidos ",E
Modelo Historia,2021,44,"La crisis económica de 1929 afectó a todo el mundo, pero de manera diferente a las diversas regiones, según sus contextos de desarrollo econ",E
Modelo Historia,2021,45,"La crisis mundial de 1929 afectó profundamente a Chile, por lo que el Estado chileno tuvo que modificar la orientación de su política económ",E
Modelo Historia,2021,46,(www.historyonthenet.com) (www.inquiriesjournal.com) El totalitarismo es un sistema político e ideológico que se manifestó con mucha fuerza ,A
Modelo Historia,2021,47,La Organización de Naciones Unidas (ONU) es una institución fundada el 24 de octubre de 1945 como reemplazo del proyecto iniciado en 1919 co,E
Modelo Historia,2021,48,“Considerando que el desconocimiento y el menosprecio de los derechos humanos han originado actos de barbarie ultrajantes para la conciencia,D
Modelo Historia,2021,49,En la segunda mitad del siglo XX el mundo sufrió un profundo reordenamiento político como consecuencia de la Segunda Guerra Mundial. En este,C
Modelo Historia,2021,50,"“El colonialismo y sus derivados no constituyen, a decir verdad, los enemigos actuales de África. En breve plazo, este continente será liber",E
Modelo Historia,2021,51,"“Creo que es muy prematuro concederle el voto a la mujer […] No porque sea una refractaria de ello, ¡eso no!, pero hay algo de lo que aún no",B
Modelo Historia,2021,52,Durante la Guerra Fría el mundo percibió la amenaza de una guerra nuclear como consecuencia del primer ataque con bombas atómicas sobre las ,C
Modelo Historia,2021,53,"En el contexto de la expansión del modelo de Estado de Bienestar en la segunda mitad del siglo XX, Estados Unidos y las sociedades europeas ",A
Modelo Historia,2021,54,"En toda América Latina, se dejó sentir con fuerza el impacto de la Revolución Cubana entre los partidos y movimientos de izquierda. Lo anter",E
Modelo Historia,2021,55,"“La creación del MINVU significó la centralización de la planificación habitacional y urbana a nivel país en sólo un organismo, desde el cua",E
Modelo Historia,2021,56,"“Los acontecimientos más espectaculares, sobre todo de los años sesenta y setenta, fueron las movilizaciones de sectores generacionales que,",E
Modelo Historia,2021,57,"En la década de 1960, en Chile, el proceso de Industrialización por Sustitución de Importaciones (ISI) mostraba dificultades evidentes para ",B
Modelo Historia,2021,58,En la década de 1960 Estados Unidos y la Unión Soviética se vieron enfrentados por conflictos localizados en diversas partes del mundo. En C,E
Modelo Historia,2021,59,"El proceso de Reforma Agraria chilena (1962-1973), se desarrolló en tres etapas correspondientes a los Gobiernos de Alessandri, Frei y Allen",B
Modelo Historia,2021,60,PROVINCIAS DE COQUIMBO A CHILOÉ: VARIACIÓN DE SUPERFICIE CULTIVADA EN PREDIOS AFECTADOS POR REFORMA AGRARIA ENTRE a 1966 Y 1969 Superficie c,E
Modelo Historia,2021,61,"En los primeros días posteriores al Golpe de Estado, la Junta Militar estableció una serie de medidas a través de bandos y decretos, los que",
Modelo Historia,2021,62,"La Dictadura Militar chilena se caracterizó, entre otros aspectos, por las sistemáticas violaciones a los Derechos Humanos cometidas por par",
Modelo Historia,2021,63,La transición a la Democracia en Chile implicó diversos acercamientos y acuerdos políticos entre los opositores a la Dictadura Militar. En e,
Modelo Historia,2021,64,En el último cuarto del siglo XX se desarrollaron procesos económicos y políticos de gran relevancia como el colapso de la Unión de Repúblic,E
Modelo Historia,2021,65,Al desintegrarse la Unión Soviética se inició un periodo caracterizado por nuevas formas de articulación de la política y las relaciones int,E
Modelo Historia,2021,66,"En Chile, durante la década de 1990, los gobiernos de la Concertación mantuvieron el modelo económico de características neoliberales. ¿Cuál",E
Modelo Historia,2021,67,“A partir de los años 1992-93 comienza un plan de concesiones de obras a través de capitales privados que permitiera cumplir con este requer,B
Modelo Historia,2021,68,El proceso de globalización se caracteriza por el aumento del comercio internacional y la mayor competitividad entre las empresas multinacio,C
Modelo Historia,2021,69,"En el contexto de la globalización actual, las economías latinoamericanas han optado por una estrategia de integración marcada por un fuerte",B
Modelo Historia,2021,70,(https://www.jrmora.com/) La imagen anterior refleja la transformación tecnológica que han experimentado los medios de comunicación en el mu,A
Modelo Historia,2021,71,"En el sistema económico mundial, ¿qué propósito(s) se persigue(n) con el establecimiento de relaciones comerciales con otros países? I) Dina",B
Modelo Historia,2021,72,“Este fenómeno de la movilidad y flexibilidad de los recursos productivos hay que contemplarlo dentro de la lógica del capitalismo non stop ,A
Modelo Historia,2021,73,"BANCO MUNDIAL: MEDICIONES DE LAS REGULACIONES PARA HACER NEGOCIOS, 2015 (www.bancomundial.org/es/news/feature/2014/10/28/infographic) La grá",D
Modelo Historia,2021,74,"Actualmente, unas pocas ciudades concentran la toma de decisiones económicas a nivel mundial. Este fenómeno se relaciona con el concepto de ",C
Modelo Historia,2021,75,"América Latina y El Caribe conforman una región que históricamente ha seguido patrones similares en lo económico. En este ámbito, ¿cuál es u",B
Modelo Historia,2021,76,"En el actual contexto de economía global, Chile ha implementado una serie de medidas tendientes a potenciar su crecimiento y desarrollo econ",D
Modelo Historia,2021,77,"A inicios de la década de 1990 en Chile, según datos del Banco Central, el 75% de las trece regiones existentes, obtenía menos de mil millon",E
Modelo Historia,2021,78,"En las últimas tres décadas Chile ha firmado y ratificado numerosos acuerdos comerciales, con países que representan el 64% de la población ",C
Modelo Historia,2021,79,"“Los sectores ‘integrados’ por la vía del consumo, derivado de sus ingresos o por el efecto de la gigantesca masificación del crédito, cubre",C
Modelo Historia,2021,80,IMPORTACIONES CHILENAS EN EL AÑO 2000 900 800 700 600 Aceites comestibles Automóviles Televisiores color Vehículos de 500 Petróleo mercancía,D
PAES Historia,2023,1,El año 2020 se promulgó la ley que reserva diecisiete escaños en la Convención Constitucional para los pueblos indígenas. ¿Cuál es la import,A
PAES Historia,2023,2,"La concentración industrial que se evidencia actualmente en algunas regiones de Chile, genera impactos en distintos componentes del territor",B
PAES Historia,2023,3,"Según la Asamblea General de la Organización de las Naciones Unidas, la soberanía se entiende como el derecho de los pueblos a determinar li",D
PAES Historia,2023,4,"Actualmente, en Chile existen distintas instancias de participación ciudadana que están reguladas por ley. ¿Cuál de las siguientes opciones ",A
PAES Historia,2023,5,Lee el siguiente texto sobre el patrimonio en Chile: “El vínculo entre diversidad y patrimonio trae consigo la necesidad de la descentraliza,C
PAES Historia,2023,6,Lee el siguiente texto sobre las Organizaciones No Gubernamentales: “Las organizaciones no gubernamentales (ONG) son un componente central d,C
PAES Historia,2023,7,"En Chile, el Servicio Electoral (SERVEL) es un organismo autónomo, con personalidad jurídica y patrimonio propio, que administra los proceso",B
PAES Historia,2023,8,"Desde los inicios de la era industrial, la humanidad inició un progresivo aumento de las emisiones de CO2 y otros gases de efecto invernader",C
PAES Historia,2023,9,"Durante el siglo XX se dio un nuevo impulso a la explotación cuprífera en Chile, estimulando el desarrollo de la Gran Minería del Cobre. Res",D
PAES Historia,2023,10,"Actualmente, en una democracia las personas tienen responsabilidades respecto del conjunto de la sociedad. Desde la perspectiva del bien com",C
PAES Historia,2023,11,"En Chile, una de las manifestaciones de la participación política de la ciudadanía es la elección de representantes mediante el voto. Consid",B
PAES Historia,2023,12,"Actualmente, mantener el crecimiento económico de manera responsable en Chile, exige considerar el cuidado de los ecosistemas. ¿Qué medida h",A
PAES Historia,2023,13,"Hace cuatro décadas gran parte de los gobiernos latinoamericanos eran en su mayoría autoritarios. En el contexto actual, la democracia se ha",B
PAES Historia,2023,14,"Lee el siguiente texto: “[El estado de derecho] Se refiere a un principio de gobierno según el cual todas las personas, instituciones y enti",A
PAES Historia,2023,15,"La Asamblea General de las Naciones Unidas (2011) declaró el acceso a internet como un derecho humano, a causa del desarrollo tecnológico al",D
PAES Historia,2023,16,"Durante el siglo XIX se desarrolló en Hispanoamérica un proceso de formación de Estados nacionales, en el marco de la independización y de l",A
PAES Historia,2023,17,"Una de las visiones historiográficas sobre la organización de Chile como país independiente, sostiene que la falta de experiencia política d",A
PAES Historia,2023,18,"En Chile, la Guerra de Independencia tuvo diversos impactos. ¿Cuál de las siguientes afirmaciones constituye un impacto de esta guerra en el",B
PAES Historia,2023,19,"urante la primera mitad del siglo I , hile como país independiente debi organizar la naciente Rep blica, lo que implic grandes desafíos en p",B
PAES Historia,2023,20,"En América Latina, tras la independencia de las colonias hispanoamericanas, se desarrolló un proceso de organización política que tuvo diver",D
PAES Historia,2023,21,"Tras la Independencia de Chile y los primeros años de conformación del Estado-nación, Chile organizó su economía según los principios genera",B
PAES Historia,2023,22,"El triunfo del ejército chileno en el conflicto contra la Confederación Perú- Boliviana (1836-1839), tuvo un significado importante en la co",C
PAES Historia,2023,23,La difusión de las ideas liberales tuvo un gran impacto en las nacientes repúblicas de América Latina durante el siglo XIX. En este contexto,B
PAES Historia,2023,24,"A mediados del siglo XIX, surgieron nuevos grupos sociales al alero de las reformas educacionales impulsadas por el Estado chileno que apunt",A
PAES Historia,2023,25,"Desde la década de 1840 la economía chilena experimentó un aceleramiento sostenido, fruto de su especialización en materias primas: al auge ",A
PAES Historia,2023,26,A mediados del siglo XIX se aprobó en Chile la primera Ley de Colonización que impulsó la inmigración de europeos a la zona de Valdivia y Ll,E
PAES Historia,2023,27,"Durante la segunda mitad del siglo XIX en América Latina, el liberalismo propició una corriente anticlerical que defendía la separación entr",B
PAES Historia,2023,28,"Durante la segunda mitad del siglo XIX el Estado chileno impulsó a través de la educación pública las orientaciones culturales, cívicas y ét",A
PAES Historia,2023,29,"Durante el siglo XIX, se produjo una expansión del territorio nacional chileno como consecuencia de diversos procesos, tales como la ocupaci",A
PAES Historia,2023,30,Lee el siguiente texto referido al siglo XIX: “ Qu hacer para mejorar la condici n de los pobres? El sagaz Santiago Arcos tenía una solución,D
PAES Historia,2023,31,"Lee el siguiente texto, referido a una ceremonia pública realizada a fines del siglo XIX en Chile: “La inauguraci n de la estatua a O’Higgin",C
PAES Historia,2023,32,"Lee el siguiente texto: “Acta de esi n de Pascua por parte de sus Jefes. […]. Los abajo firmados, jefes de la Isla de Pascua, declaramos ced",A
PAES Historia,2023,33,"Desde fines del siglo XIX y durante las primeras décadas del siglo XX, Chile experimentó un auge de la actividad minera. Dicho auge se expre",E
PAES Historia,2023,34,"La riqueza generada en Chile producto de la producción de salitre, a fines del siglo XIX y primeras décadas del XX, influyó en el devenir hi",D
PAES Historia,2023,35,"Entre 1872 y 1910 se construyó el Ferrocarril Trasandino, proyecto que involucró a inversionistas privados y a los Estados de Chile y Argent",C
PAES Historia,2023,36,"Lee el siguiente texto: “Mirando la llanura desde las cumbres, está expuesto a engañarse el ojo más experto: desaparecen los detalles, los c",E
PAES Historia,2023,37,"Lee el siguiente texto: [La conmemoración del] “centenario nacional no solo remiti a lo ocurrido en 1810 sino que, también, dio cuenta del d",A
PAES Historia,2023,38,"Lee el siguiente texto: “Algunos cit s y pasajes tenían casas de una sola habitaci n, por lo que eran muy parecidos, si no inferiores, a los",A
PAES Historia,2023,39,"Tras la Primera Guerra Mundial, la creación de la Unión Soviética modificó el escenario político internacional. Este Estado representó una n",D
PAES Historia,2023,40,"En la primera mitad del siglo XX y finalizada la Gran Guerra (1914-1918), se produjo el desarrollo de regímenes totalitarios como el fascism",B
PAES Historia,2023,41,"Lee el siguiente texto: “La casa tiene una apariencia exterior casi burguesa. Su fachada, que no pertenece a ningún estilo, es desaliñada y ",C
PAES Historia,2023,42,"En Chile, como consecuencia de la crisis económica de 1930, la producción del salitre se vio afectada negativamente, lo que significó que la",D
PAES Historia,2023,43,"En la primera mitad del siglo XX algunos países de Europa experimentaron una compleja situación económica y política, contexto en el cual su",B
PAES Historia,2023,44,El modelo de Estado de Bienestar se desarrolló en la mayoría de los países occidentales con posterioridad a la Segunda Guerra Mundial. Desde,A
PAES Historia,2023,45,"Lee el siguiente texto: Por medio de la Declaración Universal de los Derechos Humanos, la comunidad internacional se comprometió a evitar la",C
PAES Historia,2023,46,"Lee el siguiente texto: Finalizada la Segunda Guerra Mundial, el mundo comenzó a transitar hacia una nueva etapa. En un discurso que luego s",B
PAES Historia,2023,47,"La Descolonización fue un proceso histórico que permitió la independencia de territorios ubicados preferentemente en Asia y África, que ante",B
PAES Historia,2023,48,Lee el siguiente texto: “ hile enfrent desde comienzos de los 1960 un agudo conflicto social por la redistribución de la riqueza y el ingres,C
PAES Historia,2023,49,"Lee el siguiente texto: “Frente al mundo determinado por el colonialista, el colonizado siempre se presume culpable […]. Pero, en lo más pro",A
PAES Historia,2023,50,Los treinta años posteriores al fin de la Segunda Guerra Mundial se caracterizaron por un notorio y sostenido auge económico en el mundo occ,C
PAES Historia,2023,51,"Durante la segunda mitad del siglo XX hasta el Golpe de Estado de 1973, se experimentaron cambios profundos en la sociedad chilena, principa",C
PAES Historia,2023,52,Lee el siguiente texto: “[…] el plan general que debía culminar en el golpe de Estado […] suponía un marco que al menos contemplaba: 1) La r,D
PAES Historia,2023,53,"Tras el Golpe de Estado de 1973 se instaló una Dictadura Militar liderada por Augusto Pinochet. Después de dos años en el poder, se produjo ",A
PAES Historia,2023,54,La caída de los sistemas ligados al socialismo en Europa y Asia en la década de 1990 tuvo un impacto mundial especialmente en el ámbito polí,D
PAES Historia,2023,55,"En la década de 1980 Chile comenzó la implementación de diversas políticas públicas de orientación neoliberal, consolidando la economía de m",E
PAES Historia,2023,56,"Lee el siguiente texto: “Toda la gente sali a la calle a tocar las ollas. Todo el mundo estaba contento, parecía carnaval […] ¡es una de las",E
PAES Historia,2023,57,Durante la Dictadura Militar en Chile (1973-1990) se cometieron violaciones sistemáticas a los Derechos Humanos. ¿Cuál fue uno de los factor,D
PAES Historia,2023,58,"La Vicaría de la Solidaridad fue un organismo de la Iglesia Católica chilena que, junto a otras organizaciones, contribuyó de manera activa ",C
PAES Historia,2023,59,Se entiende por colusión al acuerdo entre dos o más partes para la fijación de precios y el reparto de mercados. En el contexto de una econo,C
PAES Historia,2023,60,Una empresa está dedicada al rubro de transportes. Respecto de los factores que condicionan el desarrollo de sus actividades y las utilidade,B
PAES Historia,2023,61,Se denominan mercados de competencia perfecta a aquellos que cumplen con algunos requisitos básicos respecto de la multiplicidad de oferente,A
PAES Historia,2023,62,"La remuneración es una cantidad de dinero o compensación pagada a un empleado por parte de un empleador, a cambio de la realización de un tr",D
PAES Historia,2023,63,"En el contexto de las economías nacionales, existen instituciones que juegan un rol fundamental en el funcionamiento del mercado. En el caso",B
PAES Historia,2023,64,"En una economía de libre mercado, la decisión de consumir determinados bienes está condicionada por diversos factores, uno de los cuales es ",D
PAES Historia,2023,65,Lee la siguiente definición de un indicador que debe ser conocido por quienes contraten algún producto financiero que implica endeudamiento ,A
PAES PDT Historia,2023,1,"Una de las características de los derechos humanos es su indivisibilidad. Al respecto, ¿cuál de los siguientes planteamientos evidencia esta",D
PAES PDT Historia,2023,2,"Durante las primeras dos décadas del siglo XXI, uno de los desafíos que enfrenta el Estado de Chile es la superación de la marcada desiguald",E
PAES PDT Historia,2023,3,"Durante las últimas décadas, en Chile se han desarrollado distintos avances en la relación entre el Estado y los pueblos indígenas existente",E
PAES PDT Historia,2023,4,"Lee el siguiente texto: “La transparencia es una recién llegada a la reflexión y a la práctica democrática. […] Nadie sensato, en nuestros d",C
PAES PDT Historia,2023,5,"La tendencia del derecho internacional de establecer algunos parámetros globales en materia de derechos humanos, ha sido valorada por divers",A
PAES PDT Historia,2023,6,"En el contexto de la organización del sistema democrático chileno actual, la legislación vigente define derechos y deberes a la ciudadanía. ",D
PAES PDT Historia,2023,7,El Estado de Chile ha ratificado diversos acuerdos internacionales en materia de derechos humanos. ¿Cuál es un efecto de esta acción en el e,B
PAES PDT Historia,2023,8,"Desde inicios del siglo XXI, en Chile se han producido diversos problemas que han impuesto al Estado un conjunto de desafíos que debe enfren",C
PAES PDT Historia,2023,9,Lee el siguiente texto: EL CÓNDOR PODRÍA ESTAR MUY PRONTO EN PELIGRO DE EXTINCIÓN “La principal razón es que su fuente tradicional de alimen,D
PAES PDT Historia,2023,10,"El cambio climático global produce múltiples impactos que desafían a la sociedad chilena a adaptarse en distintos ámbitos. En este sentido, ",A
PAES PDT Historia,2023,11,"La actividad humana ha ocasionado diversos efectos negativos sobre el medio ambiente, a un ritmo cada vez más acelerado. Desde una perspecti",C
PAES PDT Historia,2023,12,En el contexto de la era industrial se han generado diversos impactos sobre el medio ambiente. Desde la perspectiva del desarrollo sostenibl,E
PAES PDT Historia,2023,13,"En la sociedad chilena existen organizaciones que cumplen distintas funciones en la vida política, entre las que destacan los partidos polít",E
PAES PDT Historia,2023,14,"En el contexto de la comunidad internacional se considera que el respeto, protección y promoción de los derechos humanos es una obligación d",C
PAES PDT Historia,2023,15,"En las últimas dos décadas, el flujo de población inmigrante desde países latinoamericanos hacia Chile ha aumentado, provocando una mayor di",C
PAES PDT Historia,2023,16,La elección de autoridades durante la última década en Chile ha evidenciado una baja participación de la ciudadanía. ¿Cuál es un factor que ,B
PAES PDT Historia,2023,17,"Tras la Guerra de Independencia, la República de Chile debió organizarse política, administrativa y económicamente. En este sentido, las ide",A
PAES PDT Historia,2023,18,"A partir de 1830, como consecuencia de la Guerra de Independencia y del periodo de inestabilidad que le siguió, el gobierno de Chile debió i",A
PAES PDT Historia,2023,19,"La historiografía chilena del siglo XIX, en general, consideraba que Chile alcanzó una estabilidad política hacia la década de 1830. En este",B
PAES PDT Historia,2023,20,"CHILE: EXPORTACIÓN MINERA DE COBRE, 1800-1840 (en toneladas) Méndez, L. (2009). El comercio minero terrestre entre Chile y Argentina 1800-18",B
PAES PDT Historia,2023,21,"Durante el siglo XIX, el Estado chileno desarrolló una política de exploraciones geográficas a través de la contratación de científicos, tal",E
PAES PDT Historia,2023,22,"En Chile, la década de 1840 se caracterizó por la profundización y expansión del ideario liberal en diversas esferas de la sociedad. ¿Cuál d",B
PAES PDT Historia,2023,23,Lee el siguiente texto: “La precursora de las sociedades de artesanos fue la que comenzó a gestarse en Santiago en 1861 gracias a la iniciat,D
PAES PDT Historia,2023,24,"Hacia mediados del siglo XIX, diversos actores sociales aspiraron a generar reformas políticas que incorporaran activamente a los sectores p",E
PAES PDT Historia,2023,25,"A mediados del siglo XIX, la economía chilena estaba en un proceso de modernización, en el cual se manifestaron diferentes tendencias ideoló",A
PAES PDT Historia,2023,26,"En la segunda mitad del siglo XIX, Chile presentó una transformación económica caracterizada por la modernización de parte importante de sus",B
PAES PDT Historia,2023,27,PROCESOS DE EXPANSIÓN TERRITORIAL DE CHILE DURANTE EL SIGLO XIX Procesos Localización Consecuencia Incorporación de una zona rica Guerra del,B
PAES PDT Historia,2023,28,La Constitución de 1833 fue promulgada en los inicios de la República Conservadora y permitió consolidar un régimen de gobierno autoritario.,C
PAES PDT Historia,2023,29,"Lee el siguiente texto: “Esta obra verdaderamente monumental, como la Canalización del Mapocho, presenta las siguientes ventajas que saltan ",E
PAES PDT Historia,2023,30,"Lee el siguiente texto: “El Estado ha logrado obtener en los 50 años transcurridos desde 1880, una entrada o ganancia líquida (tanto por der",C
PAES PDT Historia,2023,31,"Desde el siglo XIX y hasta la actualidad, los problemas de límites de Chile con los países vecinos han sido una situación permanente en mate",B
PAES PDT Historia,2023,32,"Lee el siguiente texto: “El puente ferroviario sobre el río Malleco, fue encargado a la famosa empresa constructora francesa „Schneider & Ci",A
PAES PDT Historia,2023,33,"A fines del siglo XIX, las principales potencias europeas se disputaron el control de vastos territorios del mundo, especialmente en África ",E
PAES PDT Historia,2023,34,Observa el siguiente diagrama que contiene información relativa a un evento histórico internacional: El esquema anterior presenta una serie ,E
PAES PDT Historia,2023,35,"Observa el siguiente mapa que representa la división política de Europa en un momento del siglo XX: Adaptado de Moreno, J. (2018). Disponibl",D
PAES PDT Historia,2023,36,"En la década de 1920, en Chile se produjo una aguda crisis institucional que tuvo como efecto un quiebre político y la intervención de las F",D
PAES PDT Historia,2023,37,La crisis económica de 1929 en Estados Unidos se transformó en un acontecimiento mundial que afectó gravemente a los países latinoamericanos,B
PAES PDT Historia,2023,38,"Desde la década de 1930, los gobiernos radicales impulsaron en Chile un modelo económico sustitutivo de importaciones (ISI), el cual se prol",B
PAES PDT Historia,2023,39,"La crisis económica de 1929 provocó en Chile una disminución general de la actividad productiva y un aumento de la desocupación, lo que gene",C
PAES PDT Historia,2023,40,"Riefenstahl, L. (1935). El triunfo de la voluntad. Recuperado de https://www.alamy.es/el-titulo-de-la- pelicula-original-triumph-des-willens",A
PAES PDT Historia,2023,41,"Durante la primera mitad del siglo XX ocurrieron las dos guerras mundiales, conflictos bélicos que tuvieron tanto diferencias como semejanza",A
PAES PDT Historia,2023,42,"La Segunda Guerra Mundial fue un conflicto bélico que se caracterizó, entre otros aspectos, por su extensión planetaria, ya que la mayoría d",D
PAES PDT Historia,2023,43,"En el año 1945 se firmó la Carta de las Naciones Unidas, documento a través del cual se instituyó dicha organización, y en cuyo preámbulo se",E
PAES PDT Historia,2023,44,"Lee el siguiente texto: “El general Ibáñez, casi un cadáver político desde hacía muchos años, resucitó como una esperanza para quienes estab",C
PAES PDT Historia,2023,45,"El permanente estado de tensión entre Estados Unidos y la Unión Soviética, en el contexto de la Guerra Fría, se desarrolló a través de disti",A
PAES PDT Historia,2023,46,"A comienzos de la década de 1960, el gobierno estadounidense desarrolló un programa de ayuda económica hacia América Latina denominado Alian",A
PAES PDT Historia,2023,47,"Lee el siguiente texto: “La necesidad de un estudio actualizado sobre las poblaciones callampas en 1958, respondía a «la notoria agudización",B
PAES PDT Historia,2023,48,"Lee el siguiente texto: “Los objetivos que se propone la Reforma Agraria son los siguientes: a) aumentar la producción, b) beneficiar al cam",A
PAES PDT Historia,2023,49,Observa el siguiente esquema: El esquema adjunto incorpora elementos constitutivos de la historia de Chile durante el siglo XX. Considerando,A
PAES PDT Historia,2023,50,Lee el siguiente texto: “No podemos aceptar el desquiciamiento individualista y aislado que podría provocar el caos […]. Es por eso que no a,D
PAES PDT Historia,2023,51,"El siguiente diagrama presenta diversos aspectos de un determinado proceso histórico: A partir del análisis del diagrama, ¿cuál de las sigui",A
PAES PDT Historia,2023,52,"En Chile, durante el siglo XX se produjo una profundización democrática de la sociedad, la que se vio interrumpida con el golpe de Estado de",A
PAES PDT Historia,2023,53,"En Chile, los gobiernos de la Democracia Cristiana (1964-1970) y de la Unidad Popular (1970-1973) debieron hacer frente a una serie de dific",B
PAES PDT Historia,2023,54,Observa la siguiente imagen: Conversaciones sobre economía. Editorial Gabriela Mistral. El régimen militar chileno (1973-1990) adoptó el mod,A
PAES PDT Historia,2023,55,Lee el siguiente texto: “Uno de los problemas más sobresalientes de la economía chilena durante los últimos 30-40 años […] ha sido un estati,E
PAES PDT Historia,2023,56,"Cientos de toneladas de residuos llegan todos los meses a países pobres de África, en un intento de las naciones más ricas de descargar su c",C
PAES PDT Historia,2023,57,"El proceso de globalización ha impactado diversos ámbitos de la vida en sociedad. En este sentido, ¿cuál es uno de los impactos de la global",C
PAES PDT Historia,2023,58,"DISTRIBUCIÓN DEL INGRESO EN CHILE, 1990 - 2013 (DISTRIBUCIÓN DEL INGRESO NACIONAL POR QUINTIL DE INGRESO, EN PORCENTAJE) Basado en Cepal, Un",D
PAES PDT Historia,2023,59,Una de las metas que tiene el Banco Central de Chile es promover la estabilidad y eficacia del sistema financiero. ¿Cuál es una acción que r,D
PAES PDT Historia,2023,60,"El funcionamiento del sistema económico chileno está determinado por una serie de factores; entre ellos, el consumo que hacen las familias c",C
PAES PDT Historia,2023,61,"En una economía de mercado, cuando el precio de un bien sube significativamente impacta en la población, ya que se dificulta el acceso a él,",D
PAES PDT Historia,2023,62,La economía de libre mercado se sustenta en un conjunto de principios básicos que explican su organización y funcionamiento. ¿Cuál es uno de,D
PAES PDT Historia,2023,63,El problema económico de la escasez exige a los agentes económicos evaluar permanentemente un conjunto de factores antes de tomar sus decisi,D
PAES PDT Historia,2023,64,"En el contexto del sistema productivo, los agentes económicos actúan para conseguir distintos bienes que necesitan. ¿Cuál es un mecanismo ut",A
PAES PDT Historia,2023,65,La organización de la economía está expuesta a diversas situaciones que pueden alterar su funcionamiento. ¿Cuál es uno de los efectos de la ,D
PAES Regular Historia,2024,1,"Lee el siguiente texto: ―Los chilenos y chilenas cada vez valoran más la democracia como la única forma de gobierno, pero también están dici",C
PAES Regular Historia,2024,2,Lee el siguiente texto: ―29 de Septiembre de 2015. ASAMBLEA GENERAL DE LA ONU: CHILE COMPROMETE REDUCCIÓN DE UN 30 % DE EMISIÓN DE GASES DE ,D
PAES Regular Historia,2024,3,"Lee el siguiente texto: ―Según el estudio [Panorama de la educación 2017] elaborado por la OCDE, en Chile la cifra de jóvenes que no estudia",E
PAES Regular Historia,2024,4,"Lee el siguiente texto: ―Tras una discusión que se inició cerca de las 11 horas, la Cámara de Diputados aprobó por amplia mayoría —en el ter",C
PAES Regular Historia,2024,5,Lee el siguiente texto: ―FISCALÍA CONSIGUIÓ QUE CORTE REVOCARA ARRESTO DOMICILIARIO Y DECRETA PRISIÓN PREVENTIVA CONTRA IMPUTADO QUE AGREDIÓ,C
PAES Regular Historia,2024,6,"Lee el siguiente texto: ―Los partidos chilenos, desde sus primeros días a mediados del siglo XIX, han sido instituciones […] deliberadamente",C
PAES Regular Historia,2024,7,Un informe de la Organización para la Cooperación y el Desarrollo Económicos (OCDE) publicado en 2015 ubicó a Chile como uno de los países m,D
PAES Regular Historia,2024,8,Revisa la siguiente representación gráfica: Consejo Nacional de Televisión La representación muestra el inicio de la franja electoral de la ,B
PAES Regular Historia,2024,9,"En la actualidad, diversos autores definen la participación ciudadana como un derecho humano fundamental, por cuanto posibilitaría el desarr",C
PAES Regular Historia,2024,10,"Lee el siguiente texto: ―Entre los años 1975 y 2004, son los usos industriales y la urbanización de alta densidad los que mayormente han ocu",B
PAES Regular Historia,2024,11,"En la actualidad, Chile participa tanto en las Naciones Unidas como en el sistema Interamericano de Derechos Humanos, por este motivo ha rat",C
PAES Regular Historia,2024,12,La Ley Orgánica Constitucional de Municipalidades en su artículo 74 establece que en las elecciones municipales no puede ser elegido conceja,A
PAES Regular Historia,2024,13,Lee el siguiente texto sobre el salmón en Magallanes: ―REGIÓN DE MAGALLANES: LAS VENTAJAS Y DESAFÍOS DE PRODUCIR EL SALMÓN MÁS AUSTRAL DEL M,B
PAES Regular Historia,2024,14,"Lee el siguiente texto: ―Hace más de 20 años que el agua es un bien escaso en Petorca, el lugar por excelencia para la producción de paltas.",C
PAES Regular Historia,2024,15,Lee el siguiente texto: ―Artículo 7°.- Situación de riesgo. Cuando exista una situación de riesgo inminente para una o más personas de sufri,D
PAES Regular Historia,2024,16,"Lee el siguiente texto: ―El Comité de Derechos Humanos, el Comité de Derechos Económicos, Sociales y Culturales y el Comité de los Derechos ",C
PAES Regular Historia,2024,17,"El proceso de Independencia de Chile y de otros países sudamericanos, a principios del siglo XIX, implicó en muchos aspectos una ruptura con",D
PAES Regular Historia,2024,18,Examina la siguiente representación: Historia cultural. (2010). Doctrina Monroe. https://www.historiacultural.com /2010/07/doctrina-monroe.h,B
PAES Regular Historia,2024,19,El proceso de organización nacional post independencia tuvo en Chile características que lo diferencian respecto del mismo fenómeno ocurrido,B
PAES Regular Historia,2024,20,"A partir de la década de 1830, Chile perfiló el modelo económico con el cual insertarse en el mundo. ¿Cuál de los siguientes elementos fue u",D
PAES Regular Historia,2024,21,"Al finalizar el proceso de Independencia, los Estados latinoamericanos comenzaron a generar conocimiento científico y geográfico sobre su te",D
PAES Regular Historia,2024,22,"La Constitución Política de Chile de 1833 entregó al Congreso la facultad exclusiva de aprobar las denominadas Leyes Periódicas, siendo espe",A
PAES Regular Historia,2024,23,"Lee el siguiente texto de una carta de Diego Portales a Manuel Blanco Encalada, 1836: ―Apreciado amigo: La posición de Chile frente a la con",A
PAES Regular Historia,2024,24,Lee el siguiente texto: ―Todo socio dará su palabra de profesar los principios siguientes: Reconocer la independencia de la razón como autor,C
PAES Regular Historia,2024,25,"Lee el siguiente fragmento de una carta de Santiago Arcos a Francisco Bilbao, en 1852: ―En los Estados Unidos, en Inglaterra, en España hay ",D
PAES Regular Historia,2024,26,"Lee el siguiente texto: ―El acontecimiento más importante en el siglo XIX es la creación de una economía global, que penetró de forma progre",B
PAES Regular Historia,2024,27,Revisa el siguiente mapa: www.igm.cl/MAPAIGM5/index.html. (Adaptación) FORMA 121 - 2023 El mapa anterior muestra el actual territorio chilen,C
PAES Regular Historia,2024,28,"Durante la segunda mitad del siglo XIX, se llevó a cabo el proceso de incorporación de la Araucanía al territorio chileno. En este contexto,",E
PAES Regular Historia,2024,29,"Durante la segunda mitad del siglo XIX, se produjo un importante despegue económico a nivel nacional, asociado al desarrollo de la minería y",C
PAES Regular Historia,2024,30,"José Manuel Balmaceda gobernó el país desde 1886 hasta su muerte en 1891. A pesar de las disputas entre los poderes del Estado, su gobierno ",D
PAES Regular Historia,2024,31,Lee el siguiente esquema: El esquema anterior sintetiza un periodo determinado de la Historia de Chile en donde se inicia un conjunto de tra,A
PAES Regular Historia,2024,32,"En Chile, durante la segunda mitad del siglo XIX, se produjo un proceso de transformación del orden autoritario establecido en los años ante",A
PAES Regular Historia,2024,33,"A partir del último tercio del siglo XIX y la primera mitad del XX, Chile experimentó un importante fenómeno migratorio hacia sus principale",D
PAES Regular Historia,2024,34,"Lee los siguientes artículos del Tratado de Versalles: ―Los Estados Unidos de América, el Imperio Británico, Francia, Italia y Japón […] de ",D
PAES Regular Historia,2024,35,"Lee el siguiente texto sobre la Cuestión Social: ―Pero es preciso recordar que, así como la higiene médica determina las medidas que el Esta",C
PAES Regular Historia,2024,36,Lee el siguiente texto: ―La clausura de las Oficinas Salitreras se ha traducido en la reducción inmediata del mercado de las provincias de T,D
PAES Regular Historia,2024,37,"En Chile, fundamentalmente a partir de la crisis económica de 1929, los gobiernos redireccionaron las políticas económicas: favorecieron la ",D
PAES Regular Historia,2024,38,Algunos de los regímenes políticos totalitarios más importantes se desarrollaron en Europa en la primera mitad del siglo XX. Estos regímenes,C
PAES Regular Historia,2024,39,"La Segunda Guerra Mundial fue un conflicto bélico de características planetarias, que se inició en Europa y terminó en Asia. Un factor expli",D
PAES Regular Historia,2024,40,"Durante el proceso histórico denominado Guerra Fría, la polarización ideológica tuvo alcance mundial y la sociedad chilena no estuvo ausente",C
PAES Regular Historia,2024,41,"La derrota de las potencias que conformaron el Eje, en 1945, tuvo entre sus principales efectos la aplicación de reformas políticas en los p",A
PAES Regular Historia,2024,42,"El desarrollo y las características del conflicto bélico denominado Segunda Guerra Mundial, trajo consecuencias no previstas una vez finaliz",D
PAES Regular Historia,2024,43,"Lee el siguiente texto de un discurso de George Marshall, en 1947: ―Es lógico que los Estados Unidos hagan cuanto esté en su poder para ayud",B
PAES Regular Historia,2024,44,"A mediados de la década de 1950, Chile presentaba graves problemas económicos estructurales, a los cuales se intentó dar solución por parte ",B
PAES Regular Historia,2024,45,"La sociedad chilena durante la segunda mitad del siglo XX experimentó importantes transformaciones. En este sentido, ¿qué proceso histórico ",C
PAES Regular Historia,2024,46,"Tras la crisis del petróleo (1973-1974), y hacia fines de esa década, la mayoría de los gobiernos de las democracias occidentales adoptaron ",B
PAES Regular Historia,2024,47,Lee el siguiente texto: ―Una perspectiva alternativa sobre la Guerra Fría la ve definida como una época de bipolaridad en la distribución de,B
PAES Regular Historia,2024,48,"Lee el siguiente texto: ―Pues bien, señores, hagamos la Alianza para el Progreso sobre esos términos: que crezcan de verdad las economías de",C
PAES Regular Historia,2024,49,Lee el siguiente texto: ―Capítulo I Disposiciones generales. Artículo 66. Producida la expropiación de un predio y habiendo la Corporación d,C
PAES Regular Historia,2024,50,"A partir de la década de 1980 en Chile, las políticas públicas respecto del suelo urbano fueron compatibilizadas con el nuevo modelo económi",C
PAES Regular Historia,2024,51,"Entre 1973 y 1990, Chile se organizó políticamente bajo un régimen militar. Desde el punto de vista de las relaciones exteriores, ¿cuál fue ",D
PAES Regular Historia,2024,52,"En los primeros años de la década de 1980, el modelo neoliberal aplicado en Chile por la Dictadura Militar enfrentó una gran crisis económic",D
PAES Regular Historia,2024,53,"Lee el siguiente texto: ―Una economía de mercado libre es aquella que elimina las barreras aduaneras y las restricciones, la que permite al ",C
PAES Regular Historia,2024,54,"Durante la década de 1990, en Chile, los distintos gobiernos de la Concertación mantuvieron una línea en materia económica. ¿Cuál fue una de",C
PAES Regular Historia,2024,55,"Lee el siguiente texto: ―Consenso es la enunciación de la supuesta, de la imaginaria armonía. Los desacuerdos respecto a las características",A
PAES Regular Historia,2024,56,"En el año 1990, se creó la Comisión Nacional de Verdad y Reconciliación, conocida como Comisión Rettig. Esta iniciativa se inscribe en la re",C
PAES Regular Historia,2024,57,"Una de las características del proceso de globalización contemporáneo es la configuración de organismos e instituciones superestatales, crea",B
PAES Regular Historia,2024,58,"Hacia finales del siglo XX y principios del siglo XXI en Chile, las redes de telecomunicación han impactado en la conectividad de la poblaci",D
PAES Regular Historia,2024,59,"Lee el siguiente texto: ―La lista de asignaturas pendientes en la región América Latina incluye mayores tasas de inversión, ahorro y expor",D
PAES Regular Historia,2024,60,"Frente al problema de la desigual distribución de los ingresos, el Estado de Chile aplica una política de redistribución. Al respecto, una d",A
PAES Regular Historia,2024,61,"Según datos de la Asociación Nacional Automotriz de Chile, hacia 2014, solo una de las 10 firmas que lideraron las ventas en el mercado loca",D
PAES Regular Historia,2024,62,"La inflación implica el alza generalizada de los precios en un periodo de tiempo prolongado. Por esta razón, cuando se produce, los consumid",B
PAES Regular Historia,2024,63,"En Chile, las crisis económicas generan múltiples repercusiones, las cuales a niveles macroeconómicos, se evidencian por lo general en",A
PAES Regular Historia,2024,64,"Un bien puede ser tanto un objeto material o un servicio inmaterial, cuyo uso permite satisfacer una necesidad determinada. Dentro de los di",C
PAES Regular Historia,2024,65,"Lee el siguiente texto: ―Es una estrategia práctica de administración de la economía doméstica que busca, al mismo tiempo, mantener a los ac",C
PAES Regular Historia,2025,1,"En la actualidad, a pesar de los esfuerzos que se han realizado para contar con garantías de igualdad y justicia, siguen existiendo problema",C
PAES Regular Historia,2025,2,"En Chile cuando se evade el pago de impuestos se infringe la normativa tributaria y, al mismo tiempo, implica el incumplimiento de un deber ",B
PAES Regular Historia,2025,3,"El sistema democrático chileno contempla la realización de consultas ciudadanas, que es un mecanismo que permite a la ciudadanía opinar en d",A
PAES Regular Historia,2025,5,"Durante las últimas décadas, en Chile se han puesto en evidencia diversas formas de corrupción en las instituciones de la administración del",B
PAES Regular Historia,2025,6,"Lee el siguiente fragmento del capítulo III de la Constitución Política de la República de Chile: «Son inconstitucionales los partidos, movi",A
PAES Regular Historia,2025,7,"En un régimen democrático, resulta fundamental la separación de los poderes del Estado para garantizar un adecuado equilibrio del poder polí",B
PAES Regular Historia,2025,8,Lee el artículo 7° de la Constitución Política de Chile: «Los órganos del Estado actúan válidamente previa investidura regular de sus integr,D
PAES Regular Historia,2025,10,"En el marco del Estado de derecho, se reconoce la libertad de asociación como el derecho que tiene la ciudadanía de participar en organizaci",D
PAES Regular Historia,2025,11,"Lee el siguiente texto que se refiere a la fragmentación de la sociedad: «El concepto de fragmentación, por su parte, es utilizado en nuestr",C
PAES Regular Historia,2025,12,Uno de los rasgos fundamentales de las sociedades democráticas es la realización de elecciones periódicas. ¿Por qué la participación de la c,C
PAES Regular Historia,2025,13,"El sistema democrático chileno contempla, entre otros mecanismos, el control del ejercicio de la función pública por parte de la ciudadanía.",D
PAES Regular Historia,2025,15,"En un trabajo de clases, un grupo de estudiantes debe elaborar varios afiches relativos a los atributos de la democracia. Para el caso de la",A
PAES Regular Historia,2025,16,"Examina el siguiente texto que corresponde a un discurso de Simón Bolívar, a principios del siglo XIX: «México, Venezuela, Nueva Granada, Qu",B
PAES Regular Historia,2025,17,"Durante el siglo XIX en América Latina comenzaron a aplicarse los principios liberales, tales como la igualdad. Sin embargo, muchos grupos q",D
PAES Regular Historia,2025,18,"A comienzos del siglo XIX, el surgimiento de los Estados nacionales en América Latina fue un proceso complejo, que implicó el desarrollo de ",C
PAES Regular Historia,2025,24,La idea de progreso indefinido fue uno de los conceptos culturales del siglo XIX que estuvo presente en la construcción del ideario político,C
PAES Regular Historia,2025,25,"Durante la primera mitad del siglo XIX, la economía chilena se insertó en los mercados internacionales a partir de la exportación de materia",D
PAES Regular Historia,2025,26,Lee el siguiente texto que alude a las exportaciones de Chile a comienzos del siglo XIX: «Los minerales –plata y cobre– constituyeron los pr,C
PAES Regular Historia,2025,27,A mediados del siglo XIX la agricultura chilena vivió una importante revitalización económica. ¿Cuál fue una de las situaciones del contexto,A
PAES Regular Historia,2025,29,"Hacia la segunda mitad del siglo XIX, las potencias del Atlántico experimentaron un proceso de expansión económica gracias a un importante d",D
PAES Regular Historia,2025,30,"A lo largo del siglo XIX, Chile experimentó un importante crecimiento económico como consecuencia de su progresiva inserción en la economía ",C
PAES Regular Historia,2025,32,A continuación se presenta un texto sobre los cultivos agrícolas en la provincia de Santiago durante el siglo XIX: «Pertenecientes estos en ,D
PAES Regular Historia,2025,33,Desde finales del siglo XIX y comienzos del XX la sociedad chilena experimentó diversas transformaciones provocadas por la incipiente indust,D
PAES Regular Historia,2025,34,Lee la siguiente caracterización de la sociedad chilena de principios del siglo XX: «La migración y la urbanización vinculada con la particu,B
PAES Regular Historia,2025,35,Lee el siguiente texto acerca de las condiciones de vida en el norte salitrero: «La gran masa de mineros del salitre tenía que satisfacer su,B
PAES Regular Historia,2025,38,"La crisis de las democracias liberales durante el primer tercio del siglo XX, permitió el ascenso de totalitarismos como el fascismo en Ital",C
PAES Regular Historia,2025,39,La crisis económica de 1929 afectó a las diversas economías del mundo. ¿Cuál fue uno de los mecanismos que se promovió en diversos países oc,C
PAES Regular Historia,2025,42,"Lee el siguiente texto referido al fenómeno político del fascismo: Para algunos especialistas, el fenómeno político acaecido en la primera m",A
PAES Regular Historia,2025,44,"Finalizada la Segunda Guerra Mundial, la mayoría de los países participantes del conflicto comprendieron la necesidad de establecer principi",B
PAES Regular Historia,2025,45,"A partir de 1945 se inició un proceso de reconfiguración del orden mundial, que marcó el devenir de las relaciones internacionales durante l",D
PAES Regular Historia,2025,46,"A partir de 1945, finalizada la Segunda Guerra Mundial, se generaron profundos cambios en las relaciones internacionales, expresados en el e",E
PAES Regular Historia,2025,47,"En abril de 1955 se realizó en Indonesia la Conferencia de Bandung, donde participó casi una treintena de Estados de África y Asia, reciente",B
PAES Regular Historia,2025,48,Lee el siguiente relato del escritor Pedro Lemebel en el que describe su infancia en una población callampa a mediados del siglo XX: «Y tal ,C
PAES Regular Historia,2025,49,"La aparición de las poblaciones callampas a mediados del siglo XX en Chile generó un conjunto de repercusiones políticas, sociales y territo",C
PAES Regular Historia,2025,52,"A partir del Golpe de Estado de 1973, los jerarcas del régimen controlaron el Ejecutivo, a la vez que asumieron las funciones del Legislativ",A
PAES Regular Historia,2025,53,Lee el siguiente texto sobre la administración del Estado durante los primeros años de la Dictadura Militar: «La reducción del empleo públic,B
PAES Regular Historia,2025,55,"Durante la Dictadura Militar (1973-1990) se implementó el modelo neoliberal mediante un conjunto de acciones administrativas y legales, que ",A
PAES Regular Historia,2025,56,Existen diversas interpretaciones historiográficas sobre el Golpe de Estado de 1973 en Chile. Una de ellas señala lo siguiente: «Pero el 11 ,A
PAES Regular Historia,2025,58,La fijación de precios a través de la interacción entre oferta y demanda es el principal mecanismo de regulación del funcionamiento en una e,B
PAES Regular Historia,2025,59,"En una reunión de la junta directiva, el gerente comercial de una tienda, comunica que la empresa ha decidido expandir su negocio a dos ciud",C
PAES Regular Historia,2025,60,El precio de los combustibles ha experimentado un progresivo aumento durante el primer semestre del año 2022 en el mercado internacional. En,D
PAES Regular Historia,2025,61,En Chile durante la primera década del siglo XXI el 90 % del mercado farmacéutico se concentraba en tres cadenas de farmacias. ¿Por qué esta,C
PAES Regular Historia,2025,62,Durante el periodo 2020-2022 se produjo un significativo deterioro de los flujos comerciales a escala internacional. Esta situación afectó l,B
PAES Regular Historia,2025,64,"Lee el siguiente texto de difusión educativa del Ministerio de Energía de Chile: «Tenemos la radiación solar más alta del mundo, fuertes vie",C
PAES Regular Historia,2025,65,"La conformación de un monopolio es una forma de alterar el funcionamiento del libre mercado. Al respecto, ¿qué perjuicio genera la existenci",C
